{"cameraMode":{"drawMode":0,"name":"Shaded","section":"Shading Mode"},"sceneLighting":false,"audioPlay":false,"sceneViewState":{"showFog":true,"showMaterialUpdate":false,"showSkybox":false,"showFlares":true,"showImageEffects":true,"showParticleSystems":true},"in2DMode":false,"pivot":{"x":9.5367431640625e-7,"y":25.796092987060548,"z":17.391271591186525},"rotation":{"x":-0.08946368098258972,"y":0.7667117118835449,"z":-0.10953057557344437,"w":-0.6262330412864685},"size":209.65773010253907,"orthographic":true}