{"cameraMode":{"drawMode":0,"name":"Shaded","section":"Shading Mode"},"sceneLighting":true,"audioPlay":false,"sceneViewState":{"showFog":true,"showMaterialUpdate":false,"showSkybox":true,"showFlares":true,"showImageEffects":true,"showParticleSystems":true},"in2DMode":false,"pivot":{"x":0.88427734375,"y":6.9998779296875,"z":5.5074462890625},"rotation":{"x":0.007289627101272345,"y":0.9927113056182861,"z":-0.08358441293239594,"w":0.0865844339132309},"size":2.340151071548462,"orthographic":true}