{"cameraMode":{"drawMode":0,"name":"Shaded","section":"Shading Mode"},"sceneLighting":true,"audioPlay":false,"sceneViewState":{"showFog":true,"showMaterialUpdate":false,"showSkybox":true,"showFlares":true,"showImageEffects":true,"showParticleSystems":true},"in2DMode":false,"pivot":{"x":-1.9508056640625,"y":5.21240234375,"z":10.9111328125},"rotation":{"x":-0.07904220372438431,"y":-0.09673573821783066,"z":0.00770716555416584,"w":-0.992143988609314},"size":165.9087371826172,"orthographic":true}